"","beta.exposure","beta.outcome","se.exposure","se.outcome"
"1",0.00198287064159342,-0.000390444222734192,0.00307877933096363,0.00308695337892869
"2",0.0130179593709891,0.0132064667856281,0.00385466248536446,0.00386256336463146
"3",-0.0166554317284182,-0.0145728356003534,0.00310977347170519,0.00309605199787181
"4",-0.00434098681982045,-0.00294498970784398,0.00306459557164122,0.00305652658856003
"5",-0.0134653256465063,-0.0127542885384298,0.00286234567019208,0.0028590256198618
"6",-0.000573824471040336,-0.00308907568958286,0.00288892708581111,0.00289054508502271
"7",-0.00339691579932103,-0.00593805710654672,0.00315381667102336,0.00315518251451366
"8",-0.00296554039912889,-0.00817005549947426,0.00348735565135605,0.00348395154911867
"9",0.00400538856776391,0.00588401173028415,0.00337539851110452,0.00336817004709428
"10",0.0170664245411396,0.00944613155300187,0.00474302810443618,0.00474317519527359
"11",-0.00666712334869522,-0.00647361484558404,0.002860958813725,0.0028630601114024
"12",-0.00808806286410236,-0.000693264332321068,0.00341288566166922,0.00342461090270908
"13",0.00485479612789674,0.00886005861780001,0.00288722503469242,0.0028871619957621
"14",-0.00377533849804285,0.00138734817073632,0.00284286664072264,0.00283944152550849
"15",0.0039526670090381,0.00212840441743203,0.00399931581747624,0.00401036864325933
"16",0.0223964711647325,0.021027055468375,0.00311620344259801,0.00311078209459034
"17",0.0168041615780241,0.0204968770513919,0.00310359565653365,0.00309416082996215
"18",-0.0333690273765467,-0.0315501441069947,0.00283393612559372,0.00283368396987243
"19",0.00425472855016344,0.00592200319229143,0.00288064797296218,0.00287558384555966
"20",-0.00894652701722476,-0.00920038478963068,0.00357991781404524,0.00358201911172264
"21",0.0182093413608508,0.0127218655152676,0.00293889594457953,0.00294524186356526
"22",0.0146988714350434,0.0109172290439684,0.00348655715823864,0.00349824037332495
"23",-0.0124934544577349,0.00796818383160705,0.00533342971285347,0.00536868948788014
"24",-0.00174303692988642,-0.00211237151615352,0.0064018135039475,0.0064443017429844
"25",0.00925020655756169,0.00983449338973777,0.00312631068442627,0.00312834894317335
"26",-0.0171945196475535,-0.0245227742844871,0.0044713933536795,0.00447221285977368
"27",0.0183330027291654,0.00988318045692298,0.00312597447679789,0.00311761131204186
"28",0.0013848497277979,0.00311590926092318,0.00287806337681899,0.00288256015384861
"29",0.00885617121709683,0.0138892834658972,0.00284517806816778,0.00284421147123618
"30",0.0124993170782548,0.00669862180087935,0.00356369579597576,0.00357703903622721
"31",0.0103583889266656,-0.000202574551940296,0.00639851446659399,0.00644096067967734
"32",0.00712115073784967,0.00578235094865185,0.00339246104824495,0.00339550792987718
"33",-0.0064734047158163,-0.016119958041288,0.00401866876908504,0.00402018170341276
"34",-0.0107238256057411,-0.0102091757785938,0.00373520371240463,0.00373312342770401
"35",-0.00421972093085806,-0.00362629345378532,0.00285509619320508,0.00285156601310705
"36",-0.0143158048684546,-0.0115943932334853,0.00315436300841948,0.00315648531907365
"37",0.00975449698715939,0.00430043177464675,0.00416061142719298,0.00416340615310391
"38",-0.0119136644025885,0.00169299242440161,0.00356050182350612,0.00356815054705184
"39",0.00884616904015244,0.0133712925754429,0.00283622654006208,0.00284372817277038
"40",0.0120936825746108,0.00680631330684578,0.00283336877522083,0.00283689895531885
"41",0.0132834373195511,0.0134795514317822,0.00288606932096986,0.00289149066897753
"42",-0.00196756689060896,-0.00640103602380686,0.00287453319672097,0.00287451218374419
"43",-0.00988778229883647,-0.013514243856436,0.00291729460445593,0.00291260871063534
"44",0.00100871324094908,0.00285967702214179,0.00305602227711746,0.00306007778163483
"45",0.011232003436042,0.00973827496908991,0.00284421147123618,0.00284685910630969
"46",-0.000724271080848689,0.000371316109976877,0.00317899021719853,0.00316661357387868
"47",0.0179435061916837,0.0126902830111764,0.00384623628167811,0.00386453858444821
"48",-0.00769001404507368,0.00191041789767689,0.00372835348197633,0.00373488851775302
"49",-0.00824711008530428,-0.0164455120904466,0.00293080594852157,0.00292843148214611
"50",-0.022578233413827,-0.0134220809403055,0.00298588096064606,0.00298953721860472
"51",0.000293519766066732,0.00101787489882252,0.00282748514172412,0.00283605843624789
"52",-0.0104143464838145,-0.00701287086853357,0.00290962486793344,0.00290569544127672
"53",-0.0121533174026952,-0.00505149860347756,0.00314240662463511,0.00314293194905446
"54",-0.00160549438911494,-0.00452270704296145,0.00360668834645524,0.0036202627294512
"55",-0.0128349153303114,-0.010490707641411,0.00295455061227612,0.00294679682384653
"56",-0.00752890755214791,-0.0119582539393028,0.00337184731802972,0.00336600571048657
"57",-0.00493264920684418,-0.0012720247516056,0.00284028204457945,0.00284053420030074
"58",0.018878016307751,0.0154272442489584,0.00285799598399988,0.00285728154278957
"59",0.0134166595922978,0.0107855197055494,0.00286253478698305,0.00286614901898817
"60",0.00433894856107338,-0.00444893048150816,0.00286820829071201,0.00287255797690422
"61",0.0182355655558647,0.021645467374832,0.00461444969955646,0.00459646259143797
"62",0.0172915365613188,0.0125171150695824,0.00554322327296445,0.00555217480107015
"63",-0.00877884346256875,0.00237419320675677,0.00417941804140565,0.00418763411532426
"64",0.006055057361224,-0.0110544858082557,0.0051692553253187,0.00517202903825286
"65",0.00193008184134194,0.0043359437053947,0.00295307970390194,0.00295648380613932
"66",0.0431472059885303,0.032324682430882,0.00353007503313746,0.00352509495764204
"67",0.0189032318798797,0.0360439793198688,0.0046323107298143,0.00464613726853155
"68",0.00926037683832027,0.0118665112827078,0.00472957979930086,0.00473338314809694
"69",-0.0107731640752063,-0.00646333949994158,0.00303557665071642,0.00304019950560668
"70",0.00531443398184983,0.00450837619280163,0.00286686346019848,0.00286690548615203
"71",0.00321836853567289,0.00222029416486445,0.00306940754332245,0.00307283265853661
"72",0.00803416457867721,0.000221256138941165,0.00304644035970854,0.00304614617803371
"73",0.00612427410671734,0.00453819360684384,0.00317943148971079,0.00319109369182032
"74",0.000961301661454048,0.000705638874343239,0.00286778803117653,0.00287257898988099
"75",0.00946888860684805,0.0123137094544107,0.00318020896985142,0.0031781286851508
"76",-0.0150384831656638,-0.0194329269983971,0.00287905098672736,0.00287942922030929
"77",-0.0068158111723476,-0.000925358964682229,0.00296451076326696,0.00297497522570038
"78",0.0215633066356459,0.00428990427328301,0.00335976485638471,0.00336014308996664
"79",-0.0134403622300988,-0.0251012615350736,0.00751388327375454,0.00750598239448754
"80",-0.0157020729721847,-0.00240535545131251,0.00477893928174283,0.0047929969632046
"81",-0.020897951739076,-0.022524230063518,0.00523847207081205,0.00525753084074601
"82",-0.00894894350955376,-0.0101315538423909,0.00284082838197557,0.00284498895137681
"83",0.00690280489619169,0.00727834881709549,0.00287823148063318,0.00287892490886672
"84",-0.00449913048302109,-0.0127664340390051,0.00379519576109422,0.0037931154763936
"85",0.00533095018159415,-0.00571502537106816,0.00343158721099802,0.00344774619013718
"86",0.00356396896467382,0.00058945392316479,0.00487496858559972,0.00490579462252709
"87",0.000244591049648621,-0.00551540209171576,0.00309966622987692,0.00309840545127049
"88",0.00951282674128235,0.00862883182137961,0.00302452382493333,0.00302248556618625
"89",-0.00517585340002572,-0.0140575974098564,0.00284614466509938,0.00284387526360779
"90",-0.0235454607347313,-0.0232285850449804,0.00347369721645299,0.00347533622864136
"91",-0.00746860030880671,-0.00446960725065371,0.00290432959778641,0.00290399339015803
"92",0.00941971824119704,0.00784120241296215,0.00338502245446698,0.00339691579932103
"93",0.00706607572572518,0.00253328245391224,0.00293086898745189,0.002935134621737
"94",-0.000608647176150103,0.0050912971814874,0.00340868306631443,0.00340761140449896
"95",-0.0135480537360652,-0.0126177882413063,0.00285526429701927,0.00285574759548507
"96",-0.00654600455057025,-0.00354614996036953,0.00285225944134059,0.00285293185659736
"97",0.000560447610026048,0.00230663648642856,0.0030320464706184,0.00304057773918861
"98",-0.0137104210075975,-0.0133172261862036,0.00291210439919277,0.00290214424820192
"99",0.0377575875757833,0.033194619669323,0.00359468993671732,0.00358012794381298
"100",-0.00472283463375642,-0.0018328211770461,0.00326558469448393,0.00325623391981952
"101",-0.0244591049648621,-0.0183007267968407,0.00286707358996622,0.00286482520145141
"102",-0.00392301769881008,-0.00888678712425646,0.00285030523450062,0.00284795178110194
"103",0.0172587563175515,0.0171302409516021,0.00584232198436466,0.00581800997023722
"104",0.00615266263833893,0.00825114457684488,0.00481119420109083,0.00479453091050909
"105",-0.0102969679955553,-0.0163938621935362,0.00327413697603092,0.00327768816910571
"106",-0.00290128271615419,-0.00107361181971538,0.00434378154573138,0.00434310913047462
"107",-0.0139941382199991,-0.0159254619282684,0.00477059712996358,0.00475290420351993
"108",-0.0037881984398285,-0.00416996220185738,0.00286883868001523,0.00287178049676358
"109",-0.0122417400089599,-0.0110367718688353,0.00494943857528655,0.00491953710933724
"110",0.0243456348902828,0.0127967347515131,0.00910244330488737,0.00914327151875913
"111",0.00994186970105258,0.00582372549991973,0.00321103500677879,0.00321151830524459
"112",-0.00616008021914013,-0.00536805909857692,0.00293719389346085,0.00294366589030722
"113",0.00941744883970545,0.00391236411958569,0.00452136221244792,0.00450371131195781
"114",0.0198668239558021,0.0177826938804328,0.00284545123686584,0.00284299271858329
"115",-0.00565732373684693,-0.0138296906637663,0.00338166037818315,0.00338205962474186
"116",0.000793332330313909,0.00739818582363725,0.00303513537820416,0.00303700553313704
"117",0.00648721024155678,0.00968565847524797,0.00375894837615918,0.00375197206787023
"118",-0.00613652467217655,-0.0144441521305898,0.00479518231278909,0.00476561705446816
"119",-0.00503674749378226,-0.00439150201598499,0.00344564489245979,0.00345680278312675
"120",-0.00361729989972607,-0.00849775287226379,0.00425966659970531,0.00423518648176368
"121",-0.00303330724922483,0.00434002022288885,0.00296404847777794,0.00295713520841931
"122",3.73396394677497e-05,-0.00379116126955363,0.00447225488572723,0.004480176777971
"123",-0.00468396062672464,0.00600260897119625,0.00351813966232987,0.00352454862024592
"124",0.0127079549246433,0.00884957314238981,0.00289714315972972,0.00290294274131933
"125",0.00509299923260609,-4.97272095355208e-05,0.00697555182178306,0.00694636479704406
"126",-0.0164277981510261,-0.00423798120767461,0.00354459500008825,0.0035436704291102
"127",-0.00886903115888248,-0.0063755262700033,0.00321097196784846,0.00321242186324587
"128",-0.0149226806506626,-0.00465292446002954,0.00329201901926554,0.00330141181988349
"129",-0.00517274347946318,-0.00221617562141676,0.00304971838408528,0.00305024370850462
"130",0.000939380924083477,-0.000475584602026828,0.00300573822369743,0.00301229427245089
"131",-0.0018571647106387,-0.0126645211016515,0.00509131819446417,0.00510835971862784
"132",0.00150920242304838,0.00102257760302452,0.00288535487975954,0.00289218409721107
"133",0.000671644080518365,-0.00427153893158259,0.00498730395943319,0.00497654531532493
"134",-0.00191407625693323,-0.00231352874281041,0.00287928212947188,0.00288098418059057
"135",0.00256406646488605,0.00548913587074834,0.00293620628355247,0.00293526069959764
"136",0.0129573159200196,0.0213313233720617,0.00289121750027947,0.00288804454078661
"137",-0.0314587376580281,-0.0354440588329729,0.00802765055587729,0.00802241832466058
"138",-0.00214754723927309,-0.00150066274928745,0.0029860070385067,0.00298737288199701
"139",0.00331374643724979,0.00173541132061516,0.00285702938706828,0.00285368832376122
"140",0.0053462266157088,0.000536770187797176,0.00447229691168078,0.0044688087575363
"141",-0.00957027621978229,-0.0185869235405017,0.00346655280434985,0.00345783241898867
"142",-0.0046150590758829,-0.0126092779857129,0.00756670989736422,0.00763853225197753
"143",0.0112074812921468,0.00345703392587126,0.00336604773644012,0.00335730633810216
"144",-0.0164392081974144,-0.0141187871982221,0.00284469476970198,0.00285028422152384
"145",-0.0157287174267341,-0.0113413339541968,0.00369809479542186,0.00369647679621027
"146",0.00971818656329403,0.00599594785755891,0.00408622548941324,0.00407336554762759
"147",0.0019553310342335,0.00318142772250431,0.00331670926697491,0.00331450290441365
"148",-0.00990801779546977,-0.00431018179586986,0.00343095682169481,0.00342826716066774
"149",-0.000953093992726148,-0.000613778545078299,0.00321296820064199,0.00320494124351435
"150",0.00743155443075426,0.00841718911931252,0.00306573027238702,0.0030713827631392
"151",-0.0171528299016341,-0.0139699102577788,0.0054662737520183,0.00544473545082501
"152",-0.00593517832872869,-0.021002890545085,0.00613240612872886,0.00612700579369796
"153",0.0102519581993056,-0.00202140844099682,0.00490440776606001,0.00491434690407408
"154",-0.0211634296876379,-0.0367722890948534,0.00426613859655169,0.00427504809870384
"155",0.0570500218114699,0.036967709778851,0.0117720579521089,0.0118827963397075
"156",-0.00950727931541403,-0.015660593356033,0.00348416167888641,0.00346701508983888
"157",-0.0017540351219299,-0.00594618912855823,0.00328111328431986,0.00328023073929536
"158",-0.000139978995428417,-0.00227799579908568,0.00285316299934187,0.00285335211613284
"159",-0.00354121191082765,-0.00560613612542562,0.00286663231745397,0.00286892273192233
"160",0.00464832261811604,0.00158056039087499,0.00292509041883906,0.0029208668105075
"161",0.00748824744209034,0.00639378654681985,0.00304450716584534,0.00304272106281956
"162",0.00543263197620322,0.00687719007750426,0.0035950261443457,0.0035980099870476
"163",-0.00118020014440118,0.00366903384854351,0.00634993246429265,0.00635879994049125
"164",-0.0126916068287131,-0.0087288956167771,0.00479780893488583,0.00479751475321099
"165",0.0112342518245568,0.0135456792696898,0.00305347970692781,0.00305005459171366
"166",-0.00733918138485603,-0.000901713061918518,0.00285702938706828,0.00285011611770965
"167",0.0126173889947476,0.0156553190988627,0.00309739682838534,0.00310510859086137
"168",-0.00995086325511183,-0.012467881665001,0.00289048204609238,0.00289478970633104
"169",-0.0055685018840235,-0.00488057905039836,0.00321679256241485,0.00321248490217619
"170",-0.0185246831032973,-0.0157838975037424,0.00458822550454259,0.00457393668033631
"171",0.00327375874244899,-0.000919067679436113,0.00285595772525281,0.00285433972604121
"172",0.00965571498334511,0.00717960883923476,0.00316718092425158,0.0031746615439831
"173",-0.00201481667018284,-0.00141686720050835,0.00516438031470715,0.005134836069363
"174",-0.00348970910475473,0.013546498775784,0.00457799218485368,0.00458467431146779
"175",0.014047595232912,0.0152791658016325,0.00305549695269811,0.00305513973209295
"176",-0.0152120923797701,-0.0180999267907889,0.00320004521992602,0.00320128498555568
"177",-0.0123328522762517,-0.0143752295667713,0.00340023584965131,0.00340933446859443
"178",-0.0130298317028664,-0.0174513402496846,0.00738963354209025,0.00740133777015334
"179",-0.0118794132504469,-0.0115029657715419,0.00298623818125121,0.00298270800115319
"180",-0.0153201621193184,-0.0106801186140513,0.00474092680675878,0.00473096665576794
"181",-0.0139567141083648,-0.00225914715891946,0.0037318416361208,0.00373121124681758
"182",0.0128499606216815,0.0166700777732296,0.00327661650729024,0.00327520863784639
"183",0.0159830164716522,0.0160370618479148,0.00300670482062903,0.00300540201606904
"184",-0.0172663209891901,-0.00343106188657868,0.00862114107188035,0.0086701223207404
"185",0.00569882436597545,0.0039516163601994,0.00331290591817883,0.00331855840893102
"186",0.00542857647168585,0.00138793233149064,0.0029559374687432,0.00295564328706836
"187",-0.0139014920054029,-0.00413966148934936,0.00509966034624343,0.00511537805287033
"188",0.000414369598088996,-0.00169912401102425,0.00284124864151105,0.00284337095216522
"189",0.00619989981012674,0.0109688999538555,0.00316690775555352,0.00316335656247872
"190",-0.0004398751492972,0.00137922665521319,0.00328340369878822,0.00328130240111083
"191",-0.00916569236497691,-0.00437796965894258,0.00288747719041371,0.00289125952623302
"192",0.0174580223762987,0.0178406266573985,0.00285686128325409,0.0028644259548927
"193",0.00250039714526103,0.00661765880136937,0.00287850464933124,0.00287556283258289
"194",0.00499404912497762,0.00185137983813284,0.00315366958018594,0.00315680051372526
"195",-0.00427777978568445,-0.00100282330355935,0.00306062411903095,0.00304616719101048
"196",-0.0157949503295255,-0.0214943840718274,0.00284442160100392,0.00285316299934187
"197",-0.0100042572290944,-0.00636491471673247,0.00287253696392744,0.00287318836620744
"198",0.0124128486788301,0.027371293415962,0.00768406737264665,0.00769621287322199
"199",-0.0516950748103999,-0.0574490582404069,0.00374783251144577,0.00375344297624441
"200",0.00854429661581806,0.0148492613098145,0.0034908648184773,0.00348374141935093
"201",0.000714766911453837,-0.00784189584119569,0.00738332964905807,0.00738276229868518
"202",-0.0177365914093908,-0.0198686100588279,0.00353776578263673,0.00353978302840702
"203",0.00522054800162388,0.00879269101426277,0.00564475797673611,0.00565280594684053
"204",0.00833874767701542,0.00717170795996776,0.00295455061227612,0.00295404630083354
"205",0.0137526360779363,0.0100616016427105,0.00290701925881347,0.00290195513141095
"206",-0.044480899624372,-0.04855237400409,0.00537974231366323,0.00540926554603061
"207",-0.0283307459354599,-0.0316747510592642,0.00286787208308363,0.00286761992736234
"208",0.0074528826021798,0.0100347890843469,0.00289371804451557,0.00289281448651429
"209",0.0103843609659581,0.00803305089090819,0.00375959977843917,0.00376382338677073
"210",-0.00521560995208201,0.000748564183297037,0.0028763613257003,0.00287081389983198
"211",0.0212848846933913,0.0203665335564631,0.00431490971564399,0.00430858480963504
"212",0.00704567212527769,0.00822128513684911,0.00295232323673808,0.00294534692844913
"213",-0.00971051682677154,-0.00766750914694879,0.00421997308657935,0.00420410828911503
"214",0.00100425638857533,0.00113473646785309,0.00311147552282388,0.00310977347170519
"215",-0.00234139195001265,0.0033450977985965,0.00621755071061685,0.00621889554113038
"216",-0.0118387321274126,-0.00875247217671745,0.00312288556921212,0.00311952349292829
"217",0.00339386891768881,0.0124694156123055,0.00389135114281175,0.00389011137718209
"218",-0.0122604415582887,-0.00877651102214684,0.00325707443889048,0.00325900763275368
"219",0.0306818879066957,0.0275358250241019,0.00340948155943184,0.00340334577021385
"220",-0.00119490502554758,0.00393528927724606,0.00327581801417283,0.00327489344319478
"221",0.00103137573639977,0.00036883868001523,0.00385151053884837,0.0038583397562999
"222",-0.00181503159090928,-0.00597375815408564,0.0031723291035612,0.00316615128838966
"223",-0.00351687888372343,-0.00490556347978257,0.00437731825666258,0.00437962968410772
"224",0.00920107821786422,0.0124070490972405,0.00297091972118301,0.00297308405779073
"225",0.0100623791228511,0.0129720880426916,0.00431322867750208,0.00433043830547993
"226",0.00594333136371698,0.00370561744110693,0.00292372457534875,0.00293030163707899
"227",0.0126802177953017,0.0110345024673437,0.00286505634419592,0.00285860536032632
"228",-0.00734722935496045,-0.00509760107451958,0.00307270658067596,0.00307379925546821
"229",-0.00683417651404802,-0.00604606380716475,0.00320824028086785,0.0032111820976162
"230",0.0098135854778477,0.0038564065624367,0.00294389703305173,0.00294494768189043
"231",0.00302326304632689,0.00594005333934024,0.00367739701329953,0.00367670358506599
"232",0.00643570743548386,0.00857125626501903,0.00298564981790154,0.00298438903929511
"233",-0.0780400944407228,-0.0737622726290848,0.00289098635753496,0.00289672290019424
"234",-0.0164676387549895,-0.0152343451221737,0.00326316820215492,0.00326182337164139
"235",0.00332664840498898,0.0061147972541923,0.00306213705335867,0.00305438326492909
"236",-0.0169578715031255,-0.0180560727082617,0.00295566430004514,0.00295547518325417
"237",-0.0128009793728215,-0.0113229265865428,0.00390513565557546,0.00390734201813672
"238",-0.0135898905728222,-0.0166415001248171,0.00592196116633788,0.00594967728270271
"239",0.00310706279770135,0.00873011436942999,0.00521102912314529,0.00519961907675704
"240",-0.00638382639582901,-0.00714205864973973,0.00284570339258713,0.00284244638118717
"241",-0.0132899303293742,-0.0170964520849496,0.00304404488035631,0.003048163423804
"242",0.00512313184129991,0.00937418312052791,0.00306749536243603,0.00306125450833417
"243",0.00292639322339904,-0.00431642264997172,0.00633934192399859,0.00632414954179103
"244",0.00780014305634588,0.00206965843826513,0.00354434284436697,0.00354785201148821
"245",-0.0185149961210045,-0.0194389577227313,0.00285633595883474,0.00285791193209278
"246",0.000138603485968795,0.000403388216426937,0.00368304950405172,0.00368502472386847
"247",-0.0138185747990529,-0.0156111288087071,0.00283689895531885,0.00284267752393168
"248",-0.00250254046889197,-0.0030249440844688,0.00314448690933573,0.00313471587513585
"249",-0.0331469202120462,-0.0312004881734764,0.00412264097816247,0.00412295617281408
"250",-0.00332734183322252,-0.00925875883910868,0.0030664657265741,0.00306520494796767
"251",0.0117660692537283,0.0089842242975572,0.00302853730349715,0.00303492524843642
"252",-0.0152051580974347,-0.0143036173419257,0.00291912273343526,0.00292584688600292
"253",-0.00454907832881274,-0.00420244826394989,0.00345043585116425,0.0034582106525706
"254",-0.0074933535954464,-0.00146372613871422,0.00326554266853038,0.00325440579084019
"255",-0.00245481999863836,-0.00346054309299251,0.00285770180232504,0.00286421582512496
"256",0.00101330877896954,0.00387487696902099,0.00285738660767343,0.00285255362301543
"257",0.0167772649677535,0.0102466839421353,0.00283895822704269,0.00284545123686584
"258",-0.00793227265430039,-0.0111437699465682,0.00392408936062555,0.00392923753993516
"259",-0.00644856737726951,-0.0155413026868873,0.00283246521721955,0.00283128849052021
"260",0.0120656302506176,0.0106807279903777,0.00322267619591155,0.00322378988368057
"261",0.00532304930232714,0.0033203445119568,0.00295125157492261,0.00294396007198205
"262",0.00213086293571458,0.00540174290034554,0.00330380729923572,0.00330574049309892
"263",0.00457280197959052,0.00781161614166445,0.00332719474238511,0.00332252986154129
"264",-0.00346155171587766,0.00993869674155972,0.00396086206997994,0.00396767027445469
"265",-0.0116686951193579,-0.00789367181596667,0.00290382528634383,0.0029079648427683
"266",-0.0122769787710098,-0.00648157876378136,0.00404291774428216,0.00405210041513237
"267",0.005622274091588,0.00609506606900157,0.00390917014711605,0.00390858178376638
"268",-0.0319071545823839,-0.0344598110008817,0.00570121984532768,0.00571334433292624
"269",0.00392245034843718,-0.0238646478519274,0.0140693856898266,0.0138934440352984
"270",-0.00922467579078136,-0.0159494377347675,0.0053012378324358,0.00531714465585367
"271",-0.0217686034187273,-0.0272498384102086,0.00586726438779533,0.00588340235395771
"272",0.00912148106184455,0.000933373314023809,0.00307543826765657,0.00307524915086561
"273",0.0123755086191028,0.00945228835519664,0.00652028466699895,0.00651610308462094
"274",-0.00635325251462293,-0.0082265383810426,0.00295219715887744,0.00294936040701296
"275",0.00162206942519422,-0.00144122544318469,0.00287295722346292,0.00288270724468603
"276",0.0136918665491061,0.0059280759425791,0.00457776104210916,0.00457889574285496
"277",0.0110899557130502,0.0163517311751045,0.00305181968176267,0.0030610653915432
"278",-0.0146386272306325,-0.010617310826474,0.00402551899951334,0.00402871297198298
"279",-0.00487440123522683,-0.00371448491730553,0.00292565776921195,0.00292878870275127
"280",-0.000367357265152668,0.0088884471494216,0.00684888559778977,0.00687359685847592
"281",-0.0022470226713209,-0.00840546387827267,0.00338350952013926,0.00338609411628245
"282",0.0350574200603325,0.0364005695357225,0.00492325640622623,0.00494714816081819
"283",0.00281681054952296,0.000681545395174244,0.00777112413542107,0.00773718817793116
"284",-0.0127189236985193,-0.0128483426224699,0.00310157841076335,0.00310044371001756
"285",-0.014902844400588,-0.00062719322945078,0.012617725202376,0.0125988975751865
"286",-0.015253088697456,-0.0173332263072383,0.00347850918813422,0.00347300378821945
"287",0.00225525975821628,0.00244618366518427,0.00403707613673901,0.00404247647176991
"288",0.0106162391646585,-0.00164482227644504,0.00821596885372531,0.00824626956623332
"289",-0.00130604055840725,0.024639816565118,0.0115475553082562,0.0115683581552624
"290",-0.0170875005568439,-0.0135519411367684,0.00340315665342289,0.00340616150910156
"291",-0.0156382565617223,-0.0121773562481246,0.00354581375274114,0.00354465803901858
"292",0.00686351062962443,-0.00143809450964538,0.0038380202077595,0.00385377994033996
"293",-0.00269153118199675,-0.00431656974080913,0.0028655606556385,0.00286434190298561
"294",0.000337392760273034,0.00725254488161709,0.00428473508099662,0.00430717694019118
"295",-0.0119428094013739,-0.0107640234303096,0.00662640019970733,0.00662148316314223
"296",0.00697887187211334,-4.39534739073462e-05,0.00284763658645033,0.00284444261398069
"297",0.0148664709377923,0.0109516693129009,0.0028599922167934,0.00285824813972117
"298",-0.00657683058749761,-0.00686525470669667,0.00356602823639767,0.00357218503859243
"299",-0.00444893048150816,-0.0106484100320994,0.0032078830602627,0.00320994233198654
"300",0.00615764271383436,0.00265578810850429,0.00360116193356369,0.00361362262879064
"301",-0.0129822583234502,-0.0135610397557115,0.011878761848167,0.0117910746960893
"302",-0.0131776579944711,-0.0205643707327897,0.00287552080662934,0.00288543893166664
"303",0.0042846720420663,0.0054919095836825,0.00293778225681052,0.00294450640937818
"304",0.00102985229558366,0.00128374368875243,0.00390116420296518,0.00392581242472101
"305",-0.000240077462237579,0.00614007586525135,0.00475223178826316,0.00474315418229682
"306",-0.00850706162097465,0.000906793999702456,0.00485179127221807,0.00482224702687392
"307",-0.0129453385232584,-0.00993155232945658,0.0029968917604756,0.0029993082528046
"308",0.00645520747793007,0.0105336161399834,0.00333677665979402,0.00335455363814477
"309",-0.00695067245728272,-0.00798125390316044,0.00523897638225462,0.00525727868502472
"310",-0.00898371998611463,-0.00198002968713359,0.00289310866818913,0.00289586136814651
"311",0.0118012239638711,0.0144044586174638,0.00312843299508044,0.00313492600490359
"312",0.000476570110637525,-0.00264040660950577,0.00445481411500486,0.0044505905066733
"313",0.00808776868242752,0.00499791551270403,0.00285028422152384,0.0028565250756257
"314",0.00538285223422577,-0.00435395182648997,0.0068474146894156,0.00685449606258841
"315",0.00190777446519873,0.00511474766356711,0.00299655555284722,0.00299863583754784
"316",0.0121849209197632,0.0110003143541325,0.0028876452942279,0.00288279129659312
"317",-0.0022421896866629,-0.00944972477203022,0.00291149502286632,0.00291985818762235
"318",-0.0157891927738894,-0.0083352174969174,0.00306144362512513,0.00306917640057794
"319",0.0142210153302273,0.019030087220664,0.00322025970358254,0.00321651939371678
"320",-0.0157726555611684,-0.00821823825521689,0.00285587367334571,0.00285225944134059
"321",0.00499415418986149,0.00556839681913963,0.00307127769825533,0.00307279063258306
"322",-0.00480228469893868,-0.0052888191631624,0.0030383293506738,0.00303570272857706
"323",-0.00545030388967011,-0.00596921935110247,0.00568602746312012,0.00572513261289642
"324",-0.0122507125500424,-0.0210945071238194,0.00415645085779174,0.00416859635836707
"325",-0.0147184135034432,-0.00994388694682288,0.0029701212280656,0.00297100377309011
"326",-0.00491926394063918,0.00307886338287073,0.00361788826307575,0.00360517541212751
"327",0.0189679728613202,0.0105737719385984,0.00377548558888027,0.00378265101396018
"328",-0.00634610810251979,-0.0119789727344019,0.00310725191449231,0.00310603316183943
"329",-0.00731339846235441,0.0022465393728551,0.0029431195529111,0.0029459352917988
"330",0.00245877043827186,0.00516627148261681,0.00307724538365913,0.00307594257909915
"331",0.00432629874905547,0.00421614872480649,0.0028940962780975,0.00289235220102527
"332",-0.0122592648315894,-0.0183615593646012,0.00354989027023529,0.00353944682077864
"333",-0.000737019653857436,-0.00330248348169896,0.00290994006258505,0.0029045817535077
"334",-0.0047672770796333,-0.00239884142851259,0.00299804747419817,0.00299310942465629
"335",-0.00775754975242511,0.00161385965516865,0.00305089511078462,0.00305135739627364
"336",-0.00479102174338785,-0.00192572164866135,0.0029584380129793,0.00296083349233152
"337",-0.00187295596268432,-0.00230157235902604,0.0049035252210355,0.00492210069250366
"338",-0.0210021340779212,-0.0168059056550964,0.00294734316124266,0.00295532809241675
"339",0.0106538734060606,0.00494628662877046,0.00570445584375087,0.00570042135221027
"340",-3.32503040577739e-05,-0.00166955665140564,0.00396498061342763,0.00396588417142891
"341",0.0118771018230018,0.0111708766866066,0.00286541356480108,0.00286350138391465
"342",-0.00371206842497653,-0.00595841868104066,0.00285291084362059,0.00285286881766704
"343",0.000388908174132017,0.00148039993578434,0.00442138246895753,0.0044210042353756
"344",-0.00527812355798447,-0.00915844288798991,0.00291664320217594,0.0029128818793334
"345",0.0133843416340195,0.0148759057643638,0.00348603183381929,0.00347542028054846
"346",0.0119487350608242,0.00666178605259464,0.00287186454867068,0.00287671854630546
"347",-0.0127315314845836,-0.00696889070814572,0.00406292209817095,0.00407641242925981
"348",-0.00464325849071353,-0.00115523672799374,0.00286633813577913,0.00286018133358437
"349",-0.0098649411930832,0.00143552462258592,0.00355585795563908,0.00355526959228941
"350",0.0115215622559868,0.0152973630395187,0.0029356179202028,0.00293362168740928
"351",-0.019974662552606,-0.0218209257308944,0.00314358335133445,0.00314337322156671
"352",-0.0113881508664491,-0.00866888255511073,0.00325802002284531,0.0032641558120633
"353",0.00262042326859375,0.00403465964441,0.00286648522661655,0.00286932197848103
"354",0.0041152023843845,0.00860792390948955,0.00427313591781741,0.00424693273578031
"355",0.0171525147069824,0.0165048947628097,0.00288287534850022,0.00289060812395303
"356",0.0160122665353216,0.0169083649298461,0.00326293705941041,0.00327064882188644
"357",0.0138051054809408,0.00752625991707439,0.00284446362695746,0.0028373402278311
"358",-0.00281391075872816,-0.00426174688440593,0.00291494115105725,0.00291445785259145
"359",0.02737612640062,0.0287896693482027,0.00296549837317534,0.00295858510381671
"360",-0.00231170061383108,-0.00295881624656123,0.00285429770008767,0.00285152398715351
"361",0.00957618086625577,0.0143950658168459,0.00294135446286209,0.00294145952774596
"362",-0.00502420274664822,-0.00227885733113341,0.00465147456463213,0.00464298532201546
"363",-0.00392619065830294,-0.0035194844928434,0.00386827889431397,0.00385470451131801
"364",-0.00731207464481765,-0.0122385670494671,0.00294501072082075,0.00294309853993432
"365",0.00293206672712801,-0.00334415221464167,0.0030022920955065,0.0029939919696808
"366",-0.00979419050028536,-0.00707729665532246,0.00364577248325476,0.00364167495278384
"367",-0.0141050236984352,-0.0125821712456745,0.00283939949955495,0.00284490489946972
"368",0.0177281652057044,0.0208109790282087,0.00329447753754809,0.00328596728195464
"369",-0.0228572857453849,-0.0260539899020039,0.0030309117698726,0.0030255114348417
"370",0.0109918461244926,0.0172979665322116,0.00368269228344657,0.00369004682531744
"371",-0.0178622910364525,-0.0224885080030023,0.00853742537241299,0.00857573202907187
"372",0.0109094332295853,0.0170326566874639,0.00298155228743063,0.00297924085998549
"373",0.00602049101443087,0.00347966490185679,0.00293097405233576,0.00292811628749451
"374",-0.00443354898250964,-0.0145744956255185,0.00396292134170378,0.00396630443096439
"375",-0.00112583116829629,-0.000783956340077378,0.00335806280526602,0.00335474275493574
"376",-0.00531933000543816,-0.000620811588404535,0.00315591796870075,0.00315102194511242
"377",0.0238749442105467,0.0233657997833142,0.00378429002614855,0.00378073883307375
"378",0.0114875632595666,0.00934094059127155,0.00288073202486928,0.00287720184477126
"379",0.0125428139401769,0.0144921457695414,0.0034577273541048,0.00345302044730744
"380",-0.0102356311163522,-0.0164151273260315,0.00333419206365083,0.00333904606128561
"381",0.00847287350776346,0.00792695637117658,0.00288588020417889,0.00288287534850022
"382",0.00556755630006867,0.00133686659533461,0.00330483693509764,0.00330929168617371
"383",-0.0119205986849239,-0.00696739878679477,0.00296993211127464,0.00297218049978945
"384",-0.0027794494768189,-0.00299445425516982,0.00313860327583903,0.00314328916965961
"385",-0.00367525368966859,-0.0024836498027722,0.0029826239492461,0.0029889908812086
"386",-0.000804036340682552,-0.00538934524404892,0.00294994877036263,0.00294912926426844
"387",0.00364394435427543,0.000530359128583448,0.00439114479537984,0.00438631181072183
"388",0.001872762643298,0.00652162949751248,0.00289001976060336,0.00289464261549362
"389",0.0148669332232814,0.00746130880586615,0.00301279858389347,0.00301323985640572
"390",0.0114394015168007,0.00883162806022487,0.00313496803085714,0.00313276166829587
"391",0.000300771344351418,0.00681831171658369,0.00285829016567471,0.00285881549009406
"392",0.0153848820877821,0.014592482733637,0.00289588238112329,0.00288707794385501
"393",-0.0124472259088323,-0.00983859092020868,0.00648031798517493,0.00646134326714806
"394",-0.0019100354614996,0.00660036512148442,0.0037532118334999,0.00375859115555402
"395",0.0121479590936179,0.00948355566463625,0.00305669469237422,0.00305547593972133
"396",-0.0115041214852644,-0.00535578752014094,0.00372663041788087,0.00373224088267951
"397",-0.00547259865802725,-0.00425891013254145,0.00312736133326497,0.00313095455229331
"398",0.00633198738212771,0.00944190794467031,0.00289275144758397,0.00289502084907555
"399",-0.00781371743934184,-0.00158518114446758,0.00283517589122338,0.00284204713462846
"400",0.00887993689382815,0.0193667151085825,0.00298390574082931,0.00298377966296866
"401",0.01550852244312,0.0117813877137965,0.00287470130053516,0.00287707576691061
"402",0.0159405702585689,0.0161948482905103,0.00285242754515479,0.00284690113226324
"403",-0.00808320886646758,-0.0107020141358497,0.00354841936186111,0.00354333422148182
"404",0.00833156123895873,0.00564179514701099,0.00283694098127239,0.00284643884677421
"405",0.00734832202975269,0.00447683571466395,0.00288562804845761,0.00288781339804209
"406",-0.0120995872210843,-0.00803302987793142,0.00338380370181409,0.00337516736836
"407",-0.00380717315785537,-0.0019294073247875,0.00318100746296883,0.00318462169497395
"408",0.00310044371001756,-0.0106916967642537,0.00430295333185962,0.00430318447460414
"409",0.00329014886433266,-0.00259543883920954,0.00308857137814028,0.00309102989642284
"410",0.0111930243641263,0.0084764667267918,0.00324818594971511,0.0032557716343305
"411",0.00566514056420683,-0.000228934280654361,0.00347357113859235,0.00347905552553035
"412",0.0122430638264967,0.00124639312253675,0.00533328262201605,0.00534885323780554
"413",-0.00648639073546259,-0.00592082646559209,0.00336205527085307,0.00337167921421553
"414",0.0085761943145609,0.00509701271116991,0.0029075655962096,0.00290292172834256
"415",-0.0148350355245385,-0.00903524380516432,0.00386674494700948,0.00385701593876314
"416",-0.00505149860347756,-0.00537224068095493,0.0040627960203103,0.00406718773245606
"417",0.016827969280709,0.0239400844385459,0.00910916745745503,0.00904070717912554
"418",-0.0133549865054663,-0.0121740782237479,0.00306079222284514,0.00305866991219097
"419",-0.00925676260631516,-0.0101247456379162,0.0030201110998108,0.00301370214189475
"420",-0.0179221149813279,-0.0165271475052133,0.0035708402080789,0.00357123945463761
"421",-0.00217330914879793,-0.00146523487044659,0.00335467971600542,0.00335169587330352
"422",0.008964072852831,0.0102122016472493,0.00284040812244009,0.00283870607132141
"423",-0.00422104474839482,-0.00361122714943841,0.00287236886011325,0.00287678158523578
"424",0.0094881154805962,0.00252704159981038,0.00471884216816938,0.00473861537931365
"425",0.0109345017108766,0.013209177459632,0.00333343559648697,0.00333839465900562
"426",0.00910191798046802,0.00751503898747711,0.00323377104764819,0.00323929746053973
"427",-0.0130260913930007,-0.00939733942093279,0.00348424573079351,0.00347138578900786
"428",-0.0191512480447425,-0.0158133366842027,0.00285251159706188,0.00286081172288759
"429",-0.00218608503867649,-0.00950956972988239,0.00450257661121202,0.0045099311530829
"430",-0.0151498519425657,-0.00874272215549435,0.00295507593669547,0.00295906840228251
"431",0.0170415872025928,0.0152499157379631,0.00330034015806802,0.00331185526934013
"432",-0.00642104037769565,-0.0132860849546246,0.00355884179834098,0.00356602823639767
"433",0.0019673315452691,0.00238270346235021,0.0033630008548079,0.00336260160824919
"434",0.0123103473781268,0.00872357933365329,0.00371870852563709,0.00371395959288618
"435",0.00717540624387997,0.0014214543333381,0.00574641875836842,0.00575946781694503
"436",-0.00754365866184321,-0.00875684287588643,0.00315814534423879,0.0031692612089522
"437",0.00675861384956894,0.0109168508103865,0.00293689971178601,0.00294627149942719
"438",0.0251443381374602,0.0225280123993373,0.00378536168796402,0.00376729052793843
"439",0.0104848029949376,0.0178806143521993,0.00324856418329704,0.00325442680381697
"440",-0.0153299751794718,-0.0133274595058925,0.00384772820302906,0.00386063017076826
"441",0.000628325828898895,0.0037274078980215,0.00600784120241296,0.00600664346273685
"442",0.00377741878274347,0.0053699292535098,0.00284603960021551,0.00284171092700008
"443",0.00156787275549889,-0.00214372287750023,0.00286081172288759,0.00286242972209918
"444",0.00932570618311044,0.0177116490059601,0.00364163292683029,0.00365449286861594
"445",-0.0560340443844501,-0.0344509855506367,0.0101831617133477,0.0100329609553676
"446",-0.00939603661637281,-0.0185129578622574,0.00722005881952459,0.00727933642700386
"447",-0.00521443322538267,-0.00747450495528018,0.00344070684291791,0.00343875263607794
"448",0.0058243138632694,0.0109580572578402,0.00338502245446698,0.00338069378125155
"449",-0.00994518975138286,-0.0112796188414117,0.00338857364754178,0.00338077783315865
"450",0.00780854824705545,0.00260262527726623,0.00285744964660376,0.00285885751604761
"451",-0.00520003933629252,-0.00293156241568543,0.00287182252271713,0.00287344052192872
"452",0.000358046415144136,-0.00041773587696818,0.00322433622107669,0.00322757221949987
"453",0.00311513178078254,0.0121053657896971,0.00523740040899658,0.00524469191193714
"454",0.017004016000121,0.0146961397480628,0.00288062695998541,0.0028778112210977
"455",-0.0114468190976019,-0.00953026751200471,0.00294145952774596,0.00294166965751369
"456",-0.00901240269941105,-0.00991457384422324,0.0029503690298981,0.00294921331617554
"457",-0.00582105685186944,-0.008731879459479,0.00285194424668899,0.00285009510473288
"458",0.0163165134260314,0.0097779474692391,0.00689036521394152,0.00688319978886161
"459",-0.00699177383985254,-0.00520218265992346,0.00289930749633744,0.00290115663829354
"460",-0.0155249545909572,-0.0140919116009283,0.0028916797857685,0.00289327677200332
"461",-0.0034646616364402,-0.010916703719549,0.00439959201204296,0.00439984416776425
"462",0.00296194718010054,-0.000796471669043935,0.00309233270098282,0.00308903366362931
"463",0.0127747341648308,0.0141428050306747,0.0028629760594953,0.00286379556558949
"464",-0.00847718116800211,-0.00514733879054349,0.0033392141650998,0.00334967862753322
"465",-0.00950673297801791,-0.0103095337556662,0.00319727150699186,0.00319619984517639
"466",0.00884791311722468,0.0202913070996124,0.00365707746475914,0.00366312920207003
"467",0.0160663119115841,0.0148951536510888,0.00488763941059441,0.00490888353011286
"468",-0.0119774387870974,-0.00734042115048569,0.00290338401383158,0.00290540125960188
"469",0.00267234633420215,0.0121426007845405,0.00337512534240646,0.00336745560588397
"470",-0.0112266661399414,-0.0215544811854009,0.0031455585711512,0.00315125308785694
"471",0.000671845805095395,-0.000743699679173871,0.00320706355416851,0.00319552742991962
"472",0.00781035536305801,0.0117362938656397,0.00286234567019208,0.0028599922167934
"473",-0.0253151736386323,-0.023606188237608,0.00288066898593896,0.00288335864696602
"474",-0.00412154830337023,-0.0140920166658121,0.00297905174319453,0.00297743374398293
"475",-0.0107159247264741,-0.0118595559873956,0.00324146179714745,0.00324873228711123
"476",0.0128380462638507,0.00768242836045828,0.00286919590062039,0.00286892273192233
"477",0.0117748947039734,0.0121785539878007,0.00308403257515711,0.0030921856101454
"478",0.00812248212005806,0.00107561225510426,0.00290954081602635,0.00291174717858761
"479",0.00260733218406359,0.00958990234008915,0.00295341591153032,0.0029563367153019
"480",-0.000125548543758684,-0.00334734618711131,0.00365478705029078,0.00365409362205724
"481",-0.0293412599885185,-0.0261783867245056,0.0028960294719607,0.00289890824977873
"482",-0.00949965160484509,-0.00631677398694338,0.00283301155461567,0.00283120443861311
"483",0.0138288081187418,0.00900036226371958,0.00378786223220012,0.00378628625894207
"484",0.00130783716792142,0.00653110635003753,0.00307772868212493,0.00307751855235719
"485",-0.00791170095003871,-0.00254511275983596,0.00288516576296858,0.0028886959430666
"486",0.00576902872137717,0.00367060982180155,0.00377105185078097,0.00376617684016942
"487",0.000950538814750437,0.00377115691566484,0.00291565559226756,0.00291922779831913
"488",-0.00354886063437336,-0.00214578214922408,0.00384732895647036,0.00385678479601863
"489",-0.0156880152907229,-0.00832912373365296,0.00476740315749394,0.0047730766612229
"490",0.0032585873732182,-0.00609309084918482,0.00647998177754654,0.0064630873442203
"491",-0.0166656020091768,-0.0267119062047958,0.00546927860769697,0.00547150598323501
"492",-0.00210961881619613,-0.000257711552346267,0.00485761186678445,0.00487959144048999
"493",0.00853017589542598,-0.000822195755210588,0.00284412741932908,0.00284068129113816
"494",-0.0158673190215349,-0.0204289841234353,0.00287264202881131,0.00287768514323706
"495",0.00377718763999896,0.00704165864671386,0.00286295504651853,0.00285810104888375
"496",0.0082599910400667,0.00675296135881675,0.00309342537577506,0.00309350942768216
"497",0.0002845808457471,0.0010538112917013,0.00328296242627597,0.00328699691781657
"498",0.0165877699432061,0.0109709592255793,0.00304604111314984,0.00304104002467764
"499",-0.00534881121185199,-0.0117450983029079,0.00283359991796534,0.00283353687903502
"500",-0.00207599595206015,-0.0109917830855623,0.00439114479537984,0.00438910653663276
"501",-0.00712852629269732,-0.00754155736416581,0.00285167107799092,0.0028545918817625
"502",0.00679752988255427,0.00677666399661775,0.00293217179201188,0.00293246597368671
"503",-0.0139114941823473,-0.00373753615282654,0.0106782694720952,0.0107076035876716
"504",0.00661393950448039,0.00904940655150995,0.00284820393682323,0.00284698518417034
"505",0.0113978378487419,0.0128871115646178,0.00286923792657393,0.00286661130447719
"506",0.00817526671771419,0.00644419667810053,0.00285518024511217,0.00285236450622446
"507",-0.011630766696281,-0.00597291763501468,0.00341511303720726,0.00341452467385759
"508",0.00394419877939821,0.00470400700656698,0.00286463608466044,0.00286736777164105
"509",0.00749160951837417,0.00590912223752901,0.00285423466115734,0.00285364629780767
"510",-0.016866170872484,-0.0250573444136161,0.00413739208785778,0.00413562699780877
"511",-0.00578380084404925,-0.0142412088009071,0.00286476216252109,0.00286745182354815
"512",-0.0160041135003333,-0.018291123866455,0.00328025175227213,0.00327997858357407
"513",0.0078264092773133,0.00183645642202799,0.00397328073925333,0.00397918538572681
"514",0.00968775977292537,0.0149872745412657,0.00336924170890975,0.00336577456774205
"515",0.0212876163803719,0.00738133341626455,0.00465758934087335,0.004649163137187
"516",-0.00398284164368547,0.00273206521419368,0.00311567811817866,0.00311746422120445
"517",0.00413365177799202,0.00307461876156239,0.00303601792322867,0.00303551361178609
"518",0.0145814929467842,0.0148292149299722,0.00286640117470945,0.00285995019083986
"519",0.00262775679748786,0.00427046726976712,0.0032531870381873,0.00325064446799766
"520",-0.000734155585123149,-0.000972083419836754,0.00294183776132789,0.00293568095913312
"521",-0.00455445765086687,-0.00124501467126038,0.00285240653217801,0.00284759456049678
"522",0.0116668459774018,0.00672493004780032,0.00352278353019691,0.00351549202725635
"523",0.00315589695572398,0.00467828712299568,0.00314522236352282,0.0031435413253809
"524",0.0121436094074257,0.00678887253612341,0.00284977991008127,0.00284757354752001
"525",0.00652833263710337,0.0104504888038657,0.0029352186736441,0.00293074290959125
"526",0.00395111204875683,0.00885654945067876,0.00322122630051415,0.00322990465992178
"527",-0.00993871775453649,-0.00874238594786596,0.00290596860997478,0.00290155588485225
"528",0.00670091221534771,0.010369504791379,0.00345383995340162,0.00345512174498483
"529",-0.0129434683683255,-0.014935099319936,0.00290294274131933,0.00290145081996838
"530",0.0214328160498798,0.0185643766164232,0.00285915169772245,0.00285253261003866
"531",-0.016181210868584,-0.00547007710081438,0.00322330658521477,0.00322742512866246
"532",-0.00976878581136567,-0.0191999561249045,0.00292752792414483,0.00292452306846616
"533",-0.0048591878400425,-0.00408969263058094,0.00291258769765857,0.00292269493948683
"534",-0.00526597805740913,-0.00677237734935587,0.00288781339804209,0.0028744281318371
"535",0.00348002212246195,0.00489238834334532,0.00290113562531677,0.00290653596034767
"536",0.0100841905927425,0.00118167315407303,0.00391005269214056,0.00391257424935343
"537",0.00526452816201173,0.00101102256709654,0.00287764311728351,0.00287728589667835
"538",-0.00122538224706049,-0.00521546286124459,0.00327182554858578,0.00326684547309036
"539",0.00914381785615525,0.0148913923282462,0.0042831380947618,0.00428334822452954
"540",0.0157673182650678,0.0123545586812592,0.00290115663829354,0.00290136676806128
"541",0.00196264565144851,0.00651007236028682,0.00298344345534028,0.00298571285683187
"542",0.0138102116342969,0.0104288874637421,0.00287648740356094,0.00287650841653772
"543",-0.0068195935081669,-0.00559680636373799,0.00289195295446656,0.00289378108344589
"544",0.0102161520868828,0.0061350327508256,0.0028546759336696,0.00286171528088887
"545",-0.00446448008432087,-0.00388565662610602,0.00283259129508019,0.00283477664466468
"546",-0.00215874715589359,-0.00623511755919986,0.00286988932885393,0.00287182252271713
"547",0.012896210183561,0.0105482831977716,0.00310174651457754,0.00309743885433889
"548",0.00407057082171666,0.0057591736352702,0.00324364714673194,0.00324516008105966
"549",0.00657145126544349,0.0129680955771046,0.00307430356691078,0.00307821198059073
"550",0.0012395386895131,0.00407143235376439,0.00320370147788468,0.00319846924666797
"551",0.0269518743995542,0.0231693284504779,0.00293568095913312,0.00293780326978729
"552",-0.00835988673165,-0.00465937544389913,0.00459215493119931,0.0045913564380819
"553",0.00997931482566374,0.0134375885171647,0.00283502880038597,0.00284192105676782
"554",0.00362778537513627,-0.00284292967965297,0.00601034174664906,0.00602177280601408
"555",-0.00362085109280087,-0.00456328310111192,0.00284389627658457,0.00285251159706188
"556",0.00724521135272299,-0.000633452995231735,0.00355268499614622,0.00355795925331648
"557",0.0148925900679223,0.0100443499887791,0.00284692214524001,0.00284440058802714
"558",0.0168665070801124,0.0182140482676482,0.00285637798478829,0.00286049652823598
"559",0.00272225215404025,0.00625865209318667,0.00330429059770152,0.00329994091150931
"560",-0.00502000015129343,-0.0114880255450556,0.00284124864151105,0.00284213118653556
"561",-0.0507232246346053,-0.0492147030320044,0.00350832660217644,0.00350910408231708
"562",-0.00353705134142641,-0.00889046439519189,0.00320443693207177,0.00320992131900977
"563",-0.0110594448707744,-0.00404348509465506,0.00308850833920996,0.00308653311939321
"564",-0.00678389246062799,-0.00791800484307089,0.00284257245904781,0.00283952557741559
"565",-0.00155600462621697,-0.00524433469133198,0.00317066907839605,0.00316739105401932
"566",0.0108114497188884,0.0116777727253243,0.00284570339258713,0.00284442160100392
"567",0.0117380169297351,0.00837577254209109,0.00298804529725377,0.00298474625990026
"568",0.00213554882953517,0.00815900267369117,0.00328937138419202,0.0032848746071624
"569",0.0105129183578611,0.0104982302870961,0.00292059364180944,0.00292441800358229
"570",0.0049425463189047,0.0025474241872811,0.00404174101758282,0.00403623561766805
"571",0.0219837763008924,0.0177203483783445,0.00311124438007936,0.00311307250905869
"572",-0.0130719837342749,-0.00826163005225507,0.00284944370245289,0.00285221741538705
"573",-0.0094244251479944,-0.00463218465195366,0.00287810540277254,0.00287991251877509
"574",0.0208794182935614,0.0214626544768988,0.00357355088208274,0.00356441023718608
"575",0.0138148765151407,0.0180024686045114,0.00419057593207261,0.00419282432058742
"576",-0.00453476849162969,-0.00114643859461849,0.00283080519205441,0.00282836768674863
"577",-0.0265374984975722,-0.0285062042915223,0.0031955484428964,0.00319590566350155
"578",0.00704600833290607,0.00729322600465143,0.00293805542550858,0.00293128924698737
"579",0.0153950943944943,0.00759102191149166,0.00298050163859193,0.00298411587059705
"580",0.00770995536003214,0.00488999286399309,0.00330908155640597,0.00330677012896084
"581",0.0132574022413282,0.0133865900225343,0.00316528975634193,0.00316083500526585
"582",0.00481896900249718,0.00495135075617298,0.00479072756171301,0.00477131157117389
"583",0.0104126024067423,0.00998355944697207,0.00284561934068003,0.00284055521327751
"584",-0.0126692910473792,-0.0123572483422863,0.00293404194694476,0.00293603817973828
"585",0.00450593868749585,-0.000801027282408524,0.0029361852705757,0.00293284420726864
"586",-0.00298825542702151,-0.00316745409294964,0.00320311311453501,0.00319994015504215
"587",-0.0135789007859694,-0.00705569531519885,0.00308806706669771,0.00309201750633121
"588",-0.0186283401177231,-0.0156826359686688,0.00391700798745273,0.00390809848530058
"589",-0.0499415418986149,-0.0590155756589039,0.00336560646392786,0.00335999599912922
"590",-0.00156267834764037,0.000500745540415939,0.00319250156126417,0.00320389059467565
"591",0.00399963101212785,-0.000892753128622112,0.00299126028270018,0.00299113420483954
"592",0.0140669902104744,0.0193352796953286,0.00291021323128311,0.00291670624110626
"593",-0.0114969770731613,-0.016743665217892,0.00339601224131975,0.00340118143360614
"594",-0.0084315619954259,-0.00925182455677328,0.00286881766703846,0.0028634593579611
"595",0.00990366810927757,0.00372568483392604,0.00286106387860887,0.00287194860057777
"596",0.0104123922769746,0.0195423625814358,0.00304337246509955,0.00304591503528919
"597",0.00560640929412368,-0.0183361756886583,0.00518249350068628,0.00519709751954417
"598",0.00277102327313256,0.0033412314108701,0.00298808732320732,0.00298852859571957
"599",0.00128133139901878,-0.00560966630552364,0.00513296591443012,0.00513941689829971
"600",-0.0110740699026091,-0.0117577060889723,0.00287007844564489,0.00287302026239324
"601",0.00559117488596257,0.0234983916667577,0.0079201691796786,0.00794515360906281
"602",0.00489396431660336,0.000941963418928994,0.00286818727773524,0.00286066463205017
"603",-0.00950515700475986,-0.0034557101083345,0.00286722068080364,0.00287426002802291
"604",0.000665844498928758,-0.00568627961884141,0.00960055591931353,0.00965109212845485
"605",0.00878088172131582,0.00792357328191598,0.00329617958866678,0.00330882940068469
"606",-0.00364005695357225,-0.00100094264213808,0.00284496793840004,0.00284068129113816
"607",0.00211579663136767,0.00201399086019562,0.00295679900079093,0.00295371009320516
"608",-0.0131497527613153,-0.00617380169297351,0.00300533897713872,0.00300311160160068
"609",-0.00426828192018263,-0.00418834855653457,0.0029623044007057,0.00295999297326057
"610",0.00488703003426796,0.012206690363701,0.00284641783379744,0.00284160586211621
"611",-0.012479690957948,-0.00101918190597786,0.00290933068625861,0.0029115160358431
"612",-0.00305860687326065,0.00143774989682628,0.00300500276951034,0.00300651570383806
"613",-0.0046369125717278,0.00341698319214014,0.00377678839344025,0.00379275825578844
"614",-0.0110086775188886,-0.0153742915474881,0.00287102402959972,0.00287774818216738
"615",0.00464317443880643,0.00507627290309404,0.00322946338740953,0.00321595204334389
"616",0.000257820819825491,0.0011275038012475,0.00484510914560396,0.00482443237645841
"617",-0.0124800271655764,0.00261224922062869,0.00522586428474769,0.00524208630281717
"618",0.00334039089179914,0.0138069966488505,0.00733739528183025,0.00730818724411448
"619",0.00706706333563355,0.0129036487773389,0.00540920250710029,0.005419267722975
"620",-0.00151949457907225,-0.00515549182553178,0.00825593553554933,0.00821472908809564
"621",-0.00306030892437934,-0.00664205486740391,0.00613751228208492,0.00615272567726925
"622",0.00198873536341103,-0.000509659245163443,0.00297434483639717,0.00297327317458169
"623",0.0108337234742688,0.0177986217168274,0.00284767861240388,0.00284414843230586
"624",0.00225183464300213,-0.000776858156523142,0.0056272751800602,0.00560977137040751
"625",-0.0107587491731394,-0.0121916870982844,0.00287808438979576,0.00287613018295579
"626",0.0229938700944155,0.0262107467087375,0.00346348490974086,0.00346606950588405
"627",-0.0196527227354525,-0.0179046111716752,0.0033817024041367,0.00337665928971095
"628",0.00498362668849775,0.00219642342324926,0.00619666381170356,0.00622522044713934
"629",-0.00828919907778248,-0.0118141469445871,0.00298394776678285,0.00298783516748603
"630",0.000641982162504276,0.00894408951191898,0.00290384629932061,0.00290771268704701
"631",0.0159898036631502,0.0121294046351265,0.00398153883912549,0.00396468643175279
"632",0.00135830193294171,0.00183146163744882,0.00384730794349358,0.00384804339768067
"633",0.0109666095393871,0.00453214186953295,0.00284673302844905,0.00285011611770965
"634",0.0180586993303585,0.0158360727250721,0.0051416862997913,0.00513521430294493
"635",-0.00401347856382187,-0.00295961473967864,0.00357348784315242,0.00355816938308422
"636",-0.00615463785815568,-0.00742388469423177,0.00310975245872841,0.00310510859086137
"637",-0.0028896625399982,-0.0140964714168882,0.00422369238346834,0.00423045856198954
"638",-0.00427158095753614,0.00328558904837271,0.00293839163313696,0.00293532373852797
"639",0.010855913177742,0.0177324308399895,0.00293887493160276,0.0029424681506311
"640",-0.0109376116314391,-0.00523126461977859,0.00542363842214398,0.00542767291368458
"641",0.000965197467347935,0.00259932623991272,0.00289231017507172,0.00288924228046272
"642",0.000178525200022526,0.00449127162970764,0.00432564734677547,0.0043374776526992
"643",-0.00871668707727144,-0.0060648073824471,0.00295627367637158,0.0029598879083767
"644",-0.000497236373294692,-0.00274807710249542,0.00468728067705492,0.00466941964679708
"645",-0.0325938586633561,-0.0272012984338608,0.00293719389346085,0.00294353981244657
"646",-0.0160110267696919,-0.0233622275772626,0.00377380455073835,0.00377077868208291
"647",-0.0218150420973977,-0.0307722437068236,0.00342858235531935,0.00342826716066774
"648",-0.0131214903075543,-0.0144144397814314,0.00307260151579209,0.00306675990824894
"649",-0.0087723504527456,-0.00976216672368188,0.00296215730986828,0.00297308405779073
"650",0.00286289200758821,0.0037140226318165,0.00288707794385501,0.00288718300873888
"651",0.00195972484767693,-0.00205444294178313,0.00307573244933141,0.00308079657673393
"652",-0.0045489522509521,-0.0077513509242768,0.0052632673834053,0.00528022485566186
"653",-0.00879271202723954,-0.0111491912945759,0.00311210591212709,0.00311015170528712
"654",-0.0024080240993628,-0.000600103299793821,0.00436872394916204,0.00435006442578679
"655",0.00847995488093627,0.0154622938942173,0.00316215882280261,0.00315526656642076
"656",-0.0212546260068368,-0.0145464433015253,0.0039833039291745,0.00397439442702235
"657",-0.0117317760756333,-0.0110098752585647,0.00287816844170286,0.00287022553648231
"658",0.00963325211117378,0.0105959196161181,0.00293721490643762,0.00293923215220792
"659",0.00681585319830114,0.0087288956167771,0.00291401658007919,0.00291477304724306
"660",-0.00439868845404168,0.000695216437863367,0.00287142327615842,0.00287411293718549
"661",0.0100977439627616,0.00609531822472286,0.00399799199993948,0.00399568057249435
"662",-0.0036054275678488,-0.00311185375640581,0.0029589213114451,0.00295026396501423
"663",-0.00387094754236426,-0.00718105873463216,0.002882244959197,0.00288390498436214
"664",-0.00887346489698178,-0.0145763447674746,0.00573986270961495,0.00571702160386168
"665",-0.0022845098218856,0.00596913529919537,0.00329538109554937,0.00329792366573901
"666",-0.00805334942647181,-0.00167060099635131,0.00287970238900736,0.002882244959197
"667",0.0110564610280725,0.0101907684109399,0.00378015046972408,0.00379647755267743
"668",-0.00911320194899562,0.00132248531403053,0.00294837279710458,0.00295156676957422
"669",0.00389141418174208,0.00904253530810487,0.00441217878513055,0.00440833341038092
"670",-0.00363129454225752,-0.010295139866576,0.00285118777952512,0.00284816191086968
"671",0.0139902928452495,0.012664941361187,0.00285513821915862,0.0028551592321354
"672",-0.0032069164633311,-0.0014207567025092,0.00287033060136618,0.00286703156401267
"673",-0.00906627997185942,-0.00536997127946335,0.00299733303298785,0.00299552591698529
"674",0.00724907774044939,0.0115790327474635,0.00283456651489694,0.00283706705913304
"675",0.0114421542167581,0.00770802216616894,0.00492323539324946,0.00492334045813332
"676",0.00671400329987787,0.00743689172685484,0.00287552080662934,0.00288220293324345
"677",-0.00488276439998285,-0.00971228191682055,0.00294379196816786,0.00294936040701296
"678",-0.0185906848633442,-0.0212281496561016,0.00285986613893276,0.00286114793051597
"679",0.000761775041794811,0.00299165952925889,0.00304683960626725,0.00305549695269811
"680",0.012303917407234,0.00966470853740436,0.00305547593972133,0.00304826848868787
"681",-0.0646128022821774,-0.0679418881924721,0.00895959708877815,0.00891881090085993
"682",0.00542355437023688,0.00890550968656203,0.00385598630290122,0.00386653481724174
"683",-0.0189950585883818,-0.0144796640613377,0.00378185252084277,0.00378452116889306
"684",0.0108930220947248,0.00730806116625383,0.00316278921210583,0.00316743307997287
"685",0.0207192363716137,0.0125636167871831,0.00322652157066118,0.00322925325764179
"686",-0.0236290923822916,-0.0302799096610103,0.0028521753894335,0.00285091461082706
"687",0.0135617121709683,0.0134735837463784,0.00398675005736543,0.00399687831217046
"688",-0.00390549287618061,-0.00151651283766803,0.00291725257850238,0.00291838727924817
"689",0.014047973466494,0.0134995767986478,0.00306919741355471,0.00307012198453277
"690",-0.0018317894398865,-0.0183770879544371,0.00387931070712029,0.00387540229344034
"691",-0.0209388219789013,-0.015252899580665,0.00435241787918547,0.00434193240377528
"692",-0.009095319905761,-0.0126587635460155,0.00289882419787164,0.00290445567564705
"693",-0.00555177555451144,-0.00554038652109997,0.00298132114468611,0.00297136099369527
"694",-0.0108281340224469,-0.0101451282253869,0.00451839938272279,0.00453289833669681
"695",0.0180185225187667,0.00968412452794348,0.00373873389250265,0.00375291765182506
"696",-0.00487106017191977,-0.00101435312391521,0.00343513840407282,0.00342335012410264
"697",0.0214029776228608,0.0221674297178966,0.00429133315570364,0.0043018396440906
"698",-0.00956750250684813,-0.00752785690330921,0.0039852371230377,0.00398845210848412
"699",0.0169724965349601,0.0151843762634052,0.00286663231745397,0.00286476216252109
"700",0.0133596934122637,0.00763119872308343,0.0036069615151533,0.00360710860599072
"701",-0.0185532187257563,-0.0167784627074296,0.00319527527419833,0.00319214434065902
"702",0.00200277623449137,-0.00174182448112656,0.00332790918359542,0.00332173136842388
"703",0.00741131893412096,0.00599754484379373,0.00327121617225934,0.00326131906019882
"704",-0.000100270983348477,-0.00582656225178421,0.0036187287821467,0.00362297340345504
"705",0.00766547088820172,0.00234120283322168,0.00557965977469046,0.00553349426471812
"706",-0.00337497825156904,-0.00622116494262197,0.00315734685112138,0.00315646430609687
"707",0.00903995071196168,0.00461709733462997,0.00310367970844074,0.00310594910993233
"708",0.00779247331982339,0.00859056719067427,0.00314335220858994,0.00313866631476935
"709",0.0215538507960976,0.0176175739089432,0.00787648320096559,0.00786576658281088
"710",-0.000340891420905895,0.00042732199697245,0.00316648749601804,0.00316715991127481
"711",0.0115107405729482,0.010411698848741,0.00322009159976835,0.00322511370121732
"712",-0.0110581630791912,-0.00892784648087273,0.00318031403473529,0.00318508398046297
"713",0.009148209568301,0.00635493355276485,0.00310025459322659,0.00309754391922276
"714",0.00533143348005995,0.00480327230884705,0.00318733236897779,0.00318499992855588
"715",-0.00648868114993095,-0.00374423929241743,0.00294076609951242,0.0029390850613705
"716",-0.0356846574170345,-0.026268322265098,0.00654230626665804,0.00652335256160795
"717",0.0201282884258002,0.0135400898178679,0.00311769536394896,0.00313131177289847
"718",0.00359321902834314,0.000174886382834583,0.00438223529322769,0.00440797618977576
"719",0.0134235938746332,0.0155031010951123,0.00290214424820192,0.00290592658402123
"720",0.0186455287327242,0.0186256714696728,0.00383692753296726,0.00384760212516842
"721",-0.00917998118918319,-0.00875871303081931,0.00286675839531461,0.00286925893955071
"722",0.00410127078078338,0.00318048213854948,0.00458358163667555,0.00458204768937105
"723",0.00974571356286788,0.0115702072972185,0.00320868155338011,0.00321471227771423
"724",-0.0100161505739484,-0.0124943159897827,0.00316453328917806,0.00315648531907365
"725",-0.00370488198691984,-0.00742514547283821,0.00389469220611881,0.0038934944664427
"726",0.00901797113825614,0.0067292166950622,0.00334917431609065,0.00335524706637831
"727",0.00993079586229272,0.00797234440100829,0.00330998511440725,0.00330885041366146
"728",-0.00598186916312038,-0.00672217734784293,0.0031806292293869,0.00317779247752242
"729",0.00263908279196901,0.00743020960024072,0.00294473755212269,0.00294064002165177
"730",-0.00118634644010755,-0.00857300034209126,0.00592082646559209,0.0059103409901819
"731",0.0138094971930866,0.0122093590117513,0.00420852101423755,0.00423472419627465
"732",0.000281622218617329,-0.000266091527483713,0.00394991430908072,0.00394915784191685
"733",0.00849981214398764,0.00781785699576631,0.00285675621837022,0.00285768078934827
"734",-0.00592572248918042,-0.00522788153051799,0.00285744964660376,0.0028604755152592
"735",0.0107927691825364,0.0121205791848814,0.0032227182218651,0.00323223710034369
"736",0.0130251878349994,0.0171024407833302,0.00391175474325925,0.00392373214002039
"737",-0.02204534432284,-0.01210332753095,0.00420898329972658,0.0042358168710669
"738",0.0186036708829905,0.0129938574866294,0.00419257216486613,0.00419198380151646
"739",0.00534282251347142,0.00227471777470895,0.00312250733563019,0.00311611939069092
"740",-0.000644150701707346,0.000967786266086484,0.00299128129567696,0.00299416007349499
"741",0.00624591822926166,0.00389273799927883,0.00305612734200133,0.00306226313121932
"742",-0.00765542668530378,-0.0101769628851994,0.00309638820550019,0.00308993722163059
"743",-0.0123658846757404,-0.0106191179424766,0.0028604755152592,0.00286333328010046
"744",-0.0121067946721177,-0.0117510029493814,0.00283942051253172,0.00283702503317949
"745",-0.00471371500183653,-0.00807360593608189,0.00306600344108508,0.00306583533727089
"746",0.0133025381154386,0.0121260215458659,0.00332143718674905,0.00331418770976204
"747",0.000822260895438587,0.00173378911880821,0.00284339196514199,0.00283895822704269
"748",0.000638949989955797,-0.00539983071945911,0.00411988827820509,0.00412654939184243
"749",-0.0209937709131651,-0.0182407767741046,0.00295763951986189,0.00295410933976386
"750",0.00476742417047072,-0.00275910891530173,0.00314179724830867,0.003143625377288
"751",-0.0231487357332394,-0.0248085507686127,0.00292628815851517,0.00292246379674232
"752",-0.0028723268341597,-0.00967563528532681,0.00322887502405986,0.00323091328280693
"753",-0.0167503263315293,-0.0221661689392901,0.00299403399563434,0.00298915898502279
"754",0.0211573359243735,0.0223508730051331,0.00361206766850936,0.00361337047306935
"755",-0.00459887908376697,-0.00283324269736018,0.00284269853690845,0.00284112256365041
"756",-0.00376649203482102,-0.00406405679891674,0.00288325358208215,0.00287991251877509
"757",-0.00459017971138256,0.000228883849510103,0.00292708665163258,0.00293007049433448
"758",0.00277631854327959,-0.00684417869099241,0.00314715555738602,0.00315026547794856
"759",0.00146975055915531,-0.000501573451700832,0.00424254102363456,0.00422785295286957
"760",0.00324509704212934,0.000632690224174841,0.00416697835915548,0.00417092879878898
"761",-0.0130126641008421,-0.01529631239068,0.00285488606343734,0.0028566091275328
"762",-0.0203282058868275,-0.0243136951655865,0.00334881709548549,0.00335524706637831
"763",0.00403062515286941,0.0141459149512373,0.00329933153518287,0.00329744036727321
"764",-0.0132953096514283,-0.00506715327117415,0.00287961833710026,0.00287570992342031
"765",0.00406569581110511,0.00205173647037464,0.00310891193965745,0.00311017271826389
"766",-0.0117943317074893,-0.00856215764607591,0.00293977848960404,0.00294133344988531
"767",-0.0017464683489936,0.00199697034900873,0.00288476651640987,0.00288890607283434
"768",0.00334133647575397,-0.00653011874012915,0.00455359611881914,0.00455464676765784
"769",-0.00982758012037914,-0.00781798307362695,0.0034187062562356,0.00341593254330144
"770",0.0106918228421144,0.0133733728601435,0.00284837204063742,0.00284828798873032
"771",-0.01550787104084,-0.00799720275253185,0.00337848741869029,0.0033732341744968
"772",-0.00167594459634492,-0.00782739688722167,0.00410915064707361,0.00408530091843519
"773",0.00318859314758422,0.00298413688357382,0.00294082913844274,0.00293975747662727
"774",-0.0358327989032907,-0.0427343009949224,0.00377930995065313,0.00377748182167379
"775",0.0140371938094089,0.0151690157773835,0.00335766355870732,0.00335722228619506
"776",0.00137571748809195,0.00482447440241195,0.00368926934517681,0.00370782380366819
"777",-0.00418622624588041,-0.00453771030837804,0.00308409561408744,0.0030823515370152
"778",0.00508442593808232,0.00807463557194381,0.00287596207914159,0.00287133922425133
"779",0.000508913284487968,-0.00463615610456393,0.00292996542945061,0.00293194064926736
"780",0.00710927840597239,0.00729177610925403,0.00283780251332013,0.00284353905597941
"781",-0.0114095630897817,-0.00312441951651662,0.00589254299885437,0.00588840344242991
"782",0.00347266758059107,0.00717910452779218,0.00354045544366379,0.00353644196509997
"783",-0.0098709929303941,-0.0107190766729902,0.00292057262883266,0.00292296810818489
"784",0.0110415838405166,0.0139097711182518,0.00286917488764361,0.00286705257698945
"785",-0.00431253524926854,-0.0154705519940895,0.00397700003614232,0.00396294235468056
"786",0.00402904917961136,-0.00457889574285496,0.00295484479395095,0.00295446656036902
"787",0.00592631085253009,0.00478740751138273,0.00309485425819569,0.0030937195574499
"788",-0.0102927023612702,-0.0120467605974746,0.00370393640296502,0.0037072564532953
"789",-0.0154268660153765,-0.0124939797821543,0.00300252323825101,0.00300298552374004
"790",0.00511237319719166,0.00343047352322901,0.00294524186356526,0.00295207108101679
"791",-0.0152740386352996,-0.00783092706731969,0.00330168498858155,0.00330977498463951
"792",-0.0032182004318587,-0.00832668622834718,0.00363213506132847,0.00363343786588846
"793",-0.00612479943113669,-0.00582235965642942,0.00289008279953368,0.00288798150185629
"794",-0.00081735646665955,-0.00675787839538185,0.00291632800752433,0.00290775471300056
"795",-0.00674756102378585,-0.0136435577155028,0.00289174282469882,0.00289344487581751
"796",-0.0121998191202959,-0.0137189732891444,0.00285255362301543,0.00285097764975738
"797",-0.00529010095474561,-0.00721768435314913,0.00289405425214395,0.00289525199182007
"798",0.00464185062126967,0.0104060043320353,0.00382644205755707,0.00383726374059564
"799",0.0068705499768437,0.00248047684327934,0.00296043424577282,0.00295589544278965
"800",-0.0100326037347624,-0.0148541993593564,0.00283402017750082,0.00284015596671881
"801",0.00321509051129616,-0.00387063234771265,0.00471690897430617,0.00470564601875534
"802",0.0209220115974821,0.0262368027999371,0.00601851579461412,0.0060826263867514
"803",-0.00980219644443623,-0.0166526790284608,0.00285013713068643,0.00285620988097409
"804",-0.0130115924390266,-0.00782201756516755,0.00316789536546189,0.00316707585936771
"805",-0.00069668944753522,0.00411757685075996,0.00287743298751577,0.00287133922425133
"806",0.0178488637442939,0.0154791673145668,0.00287568891044353,0.00287749602644609
"807",0.00309313119410023,0.00768906846111885,0.00290456074053092,0.0029173156174327
"808",0.0103736233348267,0.00794221179231446,0.00284654391165808,0.00284956978031353
"809",-0.00873660737925313,-0.010240674230778,0.00285929878855986,0.00286417379917142
"810",-0.00657447713409893,-0.00694747848481308,0.0059823314486094,0.00597844404790623
"811",0.0293141532484801,0.0170636718411822,0.00365884255480815,0.00365705645178236
"812",-0.016980502479111,-0.0133263668311002,0.00338432902623344,0.00338575790865407
